datahora,satelite,pais,estado,municipio,bioma,diasemchuva,precipitacao,riscofogo,latitude,longitude,frp
2019/01/25 16:48:00,NPP-375,Brasil,MATO GROSSO,POCONE,Pantanal,0,1,0.4,-17.72104,-57.17631,3.6
2019/01/25 16:48:00,NPP-375,Brasil,MATO GROSSO,POCONE,Pantanal,0,1.1,0.2,-17.72597,-57.17238,4.7
2019/02/02 17:36:00,NPP-375,Brasil,MATO GROSSO,POCONE,Pantanal,3,2.3,0.7,-17.56317,-57.22631,7.9
2019/02/02 17:36:00,NPP-375,Brasil,MATO GROSSO,POCONE,Pantanal,3,2.4,0.7,-17.56592,-57.19826,46.7
2019/02/02 17:36:00,NPP-375,Brasil,MATO GROSSO,POCONE,Pantanal,3,2.4,0.7,-17.56668,-57.20272,3.3
2019/02/02 17:36:00,NPP-375,Brasil,MATO GROSSO,POCONE,Pantanal,3,2.4,0.7,-17.56744,-57.20717,3.3
2019/06/25 17:54:00,NPP-375,Brasil,MATO GROSSO,POCONE,Pantanal,28,0,1,-16.68438,-56.84381,6.5
2019/01/15 18:12:00,NPP-375,Brasil,MATO GROSSO,POCONE,Pantanal,2,1.9,0.2,-17.72457,-57.18926,15.8
2019/01/24 17:06:00,NPP-375,Brasil,MATO GROSSO,POCONE,Pantanal,0,1.3,0.2,-17.73853,-57.17759,5.4
2019/01/24 17:06:00,NPP-375,Brasil,MATO GROSSO,POCONE,Pantanal,0,1.2,0.2,-17.72541,-57.17706,13.7
2019/01/02 17:18:00,NPP-375,Brasil,MATO GROSSO,POCONE,Pantanal,0,0,0.8,-17.70924,-57.2107,6
2019/01/02 17:18:00,NPP-375,Brasil,MATO GROSSO,POCONE,Pantanal,0,0,0.8,-17.71099,-57.19895,4.7
2019/01/02 17:18:00,NPP-375,Brasil,MATO GROSSO,POCONE,Pantanal,0,0.1,1,-16.28449,-56.83383,2
2019/01/09 16:48:00,NPP-375,Brasil,MATO GROSSO,POCONE,Pantanal,0,4.8,0.3,-17.71128,-57.20864,7.1
2019/01/05 18:00:00,NPP-375,Brasil,MATO GROSSO,POCONE,Pantanal,0,0.9,0.7,-17.70898,-57.20861,9.7
2019/01/05 18:00:00,NPP-375,Brasil,MATO GROSSO,POCONE,Pantanal,0,1.1,0.7,-17.71214,-57.19668,5
2019/01/05 18:00:00,NPP-375,Brasil,MATO GROSSO,POCONE,Pantanal,0,1.1,0.7,-17.71288,-57.20028,9.5
2019/01/18 04:48:00,NPP-375,Brasil,MATO GROSSO,POCONE,Pantanal,2,10.4,0.1,-17.70879,-57.18489,2.2
2019/01/18 04:48:00,NPP-375,Brasil,MATO GROSSO,POCONE,Pantanal,2,10.9,0,-17.73222,-57.18021,1
2019/01/18 04:48:00,NPP-375,Brasil,MATO GROSSO,POCONE,Pantanal,2,10.8,0,-17.733,-57.17577,1
2019/01/16 05:24:00,NPP-375,Brasil,MATO GROSSO,POCONE,Pantanal,0,0,0.3,-17.72622,-57.18936,1.1
2019/01/21 05:30:00,NPP-375,Brasil,MATO GROSSO,POCONE,Pantanal,1,1.7,0.6,-17.71634,-57.18866,1.9
2019/02/02 17:36:00,NPP-375,Brasil,MATO GROSSO,POCONE,Pantanal,3,2.9,0.6,-17.60194,-57.23294,6
2019/02/02 05:06:00,NPP-375,Brasil,MATO GROSSO,POCONE,Pantanal,3,2.7,0.6,-17.59213,-57.22963,0.9
2019/02/02 05:06:00,NPP-375,Brasil,MATO GROSSO,POCONE,Pantanal,3,2.7,0.7,-17.58877,-57.22907,1.5
2019/02/02 05:06:00,NPP-375,Brasil,MATO GROSSO,POCONE,Pantanal,3,2.7,0.7,-17.58821,-57.2328,2.4
2019/02/02 05:06:00,NPP-375,Brasil,MATO GROSSO,POCONE,Pantanal,3,2.7,0.7,-17.58765,-57.23652,2.4
2019/02/02 05:06:00,NPP-375,Brasil,MATO GROSSO,POCONE,Pantanal,3,2.6,0.7,-17.58316,-57.2434,3.8
2019/02/02 05:06:00,NPP-375,Brasil,MATO GROSSO,POCONE,Pantanal,3,2.6,0.7,-17.58032,-57.19331,1.1
2019/02/02 05:06:00,NPP-375,Brasil,MATO GROSSO,POCONE,Pantanal,3,2.5,0.7,-17.5798,-57.24285,2.4
2019/02/02 05:06:00,NPP-375,Brasil,MATO GROSSO,POCONE,Pantanal,3,2.5,0.7,-17.57924,-57.24657,2.4
2019/02/02 05:06:00,NPP-375,Brasil,MATO GROSSO,POCONE,Pantanal,3,2.5,0.7,-17.57751,-57.18902,1.5
2019/02/02 05:06:00,NPP-375,Brasil,MATO GROSSO,POCONE,Pantanal,3,2.5,0.7,-17.57721,-57.18598,5.3
2019/02/02 05:06:00,NPP-375,Brasil,MATO GROSSO,POCONE,Pantanal,3,2.5,0.7,-17.57696,-57.19275,1.1
2019/02/02 05:06:00,NPP-375,Brasil,MATO GROSSO,POCONE,Pantanal,3,2.5,0.7,-17.57664,-57.1897,5.3
2019/02/02 05:06:00,NPP-375,Brasil,MATO GROSSO,POCONE,Pantanal,3,2.5,0.7,-17.5764,-57.19648,1.1
2019/02/02 05:06:00,NPP-375,Brasil,MATO GROSSO,POCONE,Pantanal,3,2.5,0.7,-17.57608,-57.19342,4.8
2019/02/02 05:06:00,NPP-375,Brasil,MATO GROSSO,POCONE,Pantanal,3,2.5,0.7,-17.57551,-57.19715,4.8
2019/02/02 05:06:00,NPP-375,Brasil,MATO GROSSO,POCONE,Pantanal,3,2.5,0.7,-17.57528,-57.20394,2
2019/02/02 05:06:00,NPP-375,Brasil,MATO GROSSO,POCONE,Pantanal,3,2.5,0.7,-17.57494,-57.20088,2.6
2019/02/02 05:06:00,NPP-375,Brasil,MATO GROSSO,POCONE,Pantanal,3,2.5,0.7,-17.5744,-57.18169,2.4
2019/02/02 05:06:00,NPP-375,Brasil,MATO GROSSO,POCONE,Pantanal,3,2.5,0.7,-17.57438,-57.20461,2.6
2019/02/02 05:06:00,NPP-375,Brasil,MATO GROSSO,POCONE,Pantanal,3,2.5,0.7,-17.57384,-57.18542,5.3
2019/02/02 05:06:00,NPP-375,Brasil,MATO GROSSO,POCONE,Pantanal,3,2.5,0.7,-17.57327,-57.18915,5.3
2019/02/02 05:06:00,NPP-375,Brasil,MATO GROSSO,POCONE,Pantanal,3,2.5,0.7,-17.57271,-57.19287,4.8
2019/02/02 05:06:00,NPP-375,Brasil,MATO GROSSO,POCONE,Pantanal,3,2.5,0.7,-17.57214,-57.1966,4.8
2019/02/02 05:06:00,NPP-375,Brasil,MATO GROSSO,POCONE,Pantanal,3,2.5,0.7,-17.57158,-57.20033,2.6
2019/02/02 05:06:00,NPP-375,Brasil,MATO GROSSO,POCONE,Pantanal,3,2.4,0.7,-17.57101,-57.20405,2.6
2019/02/02 05:06:00,NPP-375,Brasil,MATO GROSSO,POCONE,Pantanal,3,2.5,0.7,-17.57047,-57.18487,1.5
2019/02/02 05:06:00,NPP-375,Brasil,MATO GROSSO,POCONE,Pantanal,3,2.4,0.7,-17.57044,-57.20777,2.1
2019/02/02 05:06:00,NPP-375,Brasil,MATO GROSSO,POCONE,Pantanal,3,2.4,0.7,-17.56988,-57.2115,2.1
2019/02/02 05:06:00,NPP-375,Brasil,MATO GROSSO,POCONE,Pantanal,3,2.4,0.7,-17.56931,-57.21522,1.2
2019/02/02 05:06:00,NPP-375,Brasil,MATO GROSSO,POCONE,Pantanal,3,2.4,0.7,-17.56761,-57.22639,1.9
2019/02/02 05:06:00,NPP-375,Brasil,MATO GROSSO,POCONE,Pantanal,3,2.4,0.7,-17.56708,-57.20722,0.6
2019/02/02 05:06:00,NPP-375,Brasil,MATO GROSSO,POCONE,Pantanal,3,2.4,0.7,-17.56705,-57.23011,3.8
2019/02/02 05:06:00,NPP-375,Brasil,MATO GROSSO,POCONE,Pantanal,3,2.4,0.7,-17.56651,-57.21095,0.6
2019/02/02 05:06:00,NPP-375,Brasil,MATO GROSSO,POCONE,Pantanal,3,2.3,0.7,-17.56648,-57.23383,3.8
2019/02/02 05:06:00,NPP-375,Brasil,MATO GROSSO,POCONE,Pantanal,3,2.3,0.7,-17.56481,-57.22211,3.4
2019/02/02 05:06:00,NPP-375,Brasil,MATO GROSSO,POCONE,Pantanal,3,2.3,0.7,-17.56425,-57.22583,3.4
2019/02/02 05:06:00,NPP-375,Brasil,MATO GROSSO,POCONE,Pantanal,3,2.3,0.7,-17.56368,-57.22956,5.2
2019/02/01 05:24:00,NPP-375,Brasil,MATO GROSSO,POCONE,Pantanal,3,0.4,0.3,-17.71282,-57.15659,1.2
2019/02/01 05:24:00,NPP-375,Brasil,MATO GROSSO,POCONE,Pantanal,3,0.4,0.3,-17.71042,-57.15845,2.3
2019/02/01 05:24:00,NPP-375,Brasil,MATO GROSSO,POCONE,Pantanal,3,0.4,0.3,-17.70854,-57.15599,1.2
2019/02/01 05:24:00,NPP-375,Brasil,MATO GROSSO,POCONE,Pantanal,3,0.3,0.9,-17.70106,-57.18028,1
2019/02/01 05:24:00,NPP-375,Brasil,MATO GROSSO,POCONE,Pantanal,3,0.2,0.9,-17.69679,-57.1797,1
2019/02/01 17:54:00,NPP-375,Brasil,MATO GROSSO,POCONE,Pantanal,3,0.2,0.9,-17.7016,-57.1898,7.6
2019/02/02 17:36:00,NPP-375,Brasil,MATO GROSSO,POCONE,Pantanal,3,2.9,0.6,-17.60119,-57.2285,20.6
2019/02/02 17:36:00,NPP-375,Brasil,MATO GROSSO,POCONE,Pantanal,3,2.8,0.6,-17.59829,-57.23361,6
2019/02/02 17:36:00,NPP-375,Brasil,MATO GROSSO,POCONE,Pantanal,3,2.8,0.6,-17.59754,-57.22917,20.6
2019/02/02 17:36:00,NPP-375,Brasil,MATO GROSSO,POCONE,Pantanal,3,2.8,0.6,-17.59679,-57.22473,20.6
2019/02/02 17:36:00,NPP-375,Brasil,MATO GROSSO,POCONE,Pantanal,3,2.8,0.6,-17.59464,-57.23428,4.4
2019/02/02 17:36:00,NPP-375,Brasil,MATO GROSSO,POCONE,Pantanal,2,2.8,0.6,-17.59389,-57.22984,6.9
2019/02/02 17:36:00,NPP-375,Brasil,MATO GROSSO,POCONE,Pantanal,3,2.7,0.7,-17.58885,-57.24448,4.2
2019/02/02 17:36:00,NPP-375,Brasil,MATO GROSSO,POCONE,Pantanal,3,2.6,0.7,-17.58595,-57.24958,4.2
2019/02/02 17:36:00,NPP-375,Brasil,MATO GROSSO,POCONE,Pantanal,3,2.6,0.7,-17.5852,-57.24515,4.2
2019/02/02 17:36:00,NPP-375,Brasil,MATO GROSSO,POCONE,Pantanal,2,2.6,0.7,-17.58231,-57.25026,23.6
2019/02/02 17:36:00,NPP-375,Brasil,MATO GROSSO,POCONE,Pantanal,3,2.6,0.7,-17.58055,-57.19558,8.1
2019/02/02 17:36:00,NPP-375,Brasil,MATO GROSSO,POCONE,Pantanal,2,2.5,0.7,-17.57866,-57.25093,23.6
2019/02/02 17:36:00,NPP-375,Brasil,MATO GROSSO,POCONE,Pantanal,3,2.4,0.7,-17.5711,-57.2065,3.1
2019/02/02 17:36:00,NPP-375,Brasil,MATO GROSSO,POCONE,Pantanal,3,2.4,0.7,-17.57034,-57.20205,3.1
2019/02/02 17:36:00,NPP-375,Brasil,MATO GROSSO,POCONE,Pantanal,3,2.4,0.7,-17.56958,-57.19759,19.4
2019/02/02 17:36:00,NPP-375,Brasil,MATO GROSSO,POCONE,Pantanal,3,2.4,0.7,-17.56882,-57.19313,19.4
2019/02/01 17:54:00,NPP-375,Brasil,MATO GROSSO,POCONE,Pantanal,3,0.4,0.3,-17.71058,-57.15854,9.8
2019/02/01 17:54:00,NPP-375,Brasil,MATO GROSSO,POCONE,Pantanal,3,0.3,0.9,-17.70421,-57.17749,7.9
2019/02/01 17:54:00,NPP-375,Brasil,MATO GROSSO,POCONE,Pantanal,3,0.3,0.9,-17.70329,-57.18086,8.9
2019/01/17 17:36:00,NPP-375,Brasil,MATO GROSSO,POCONE,Pantanal,2,0.1,1,-17.71338,-57.18897,39.9
2019/01/17 17:36:00,NPP-375,Brasil,MATO GROSSO,POCONE,Pantanal,2,0.1,1,-17.71414,-57.19342,39.9
2019/01/17 17:36:00,NPP-375,Brasil,MATO GROSSO,POCONE,Pantanal,2,0.1,0.9,-17.71703,-57.1883,4.6
2019/01/17 17:36:00,NPP-375,Brasil,MATO GROSSO,POCONE,Pantanal,2,0.1,0.8,-17.71779,-57.19276,4.6
2019/01/17 17:36:00,NPP-375,Brasil,MATO GROSSO,POCONE,Pantanal,2,0.1,0.6,-17.72145,-57.19209,4.6
2019/01/17 17:36:00,NPP-375,Brasil,MATO GROSSO,POCONE,Pantanal,2,0.1,0.5,-17.72373,-57.20543,15.1
2019/01/17 17:36:00,NPP-375,Brasil,MATO GROSSO,POCONE,Pantanal,2,0.1,0.5,-17.72434,-57.18697,9.1
2019/01/17 17:36:00,NPP-375,Brasil,MATO GROSSO,POCONE,Pantanal,2,0,0.4,-17.72647,-57.17739,11.3
2019/01/17 17:36:00,NPP-375,Brasil,MATO GROSSO,POCONE,Pantanal,2,0.1,0.4,-17.72723,-57.18185,11.3
2019/01/17 17:36:00,NPP-375,Brasil,MATO GROSSO,POCONE,Pantanal,2,0.1,0.4,-17.72799,-57.1863,9.1
2019/01/17 17:36:00,NPP-375,Brasil,MATO GROSSO,POCONE,Pantanal,2,0,0.4,-17.73012,-57.17672,46.8
2019/02/01 17:54:00,NPP-375,Brasil,MATO GROSSO,POCONE,Pantanal,3,0.3,0.9,-17.70308,-57.17183,7.9
2019/02/01 17:54:00,NPP-375,Brasil,MATO GROSSO,POCONE,Pantanal,3,0.3,0.9,-17.7022,-57.17519,12.6
2019/02/01 17:54:00,NPP-375,Brasil,MATO GROSSO,POCONE,Pantanal,3,0.2,0.9,-17.70047,-57.18416,7.6
2019/02/01 17:54:00,NPP-375,Brasil,MATO GROSSO,POCONE,Pantanal,3,0.2,0.9,-17.69952,-57.18755,8.9
2019/02/01 17:54:00,NPP-375,Brasil,MATO GROSSO,POCONE,Pantanal,3,0.3,0.9,-17.69934,-57.17851,12.9
2019/02/01 17:54:00,NPP-375,Brasil,MATO GROSSO,POCONE,Pantanal,3,0.2,0.9,-17.69842,-57.18189,8.9
2019/02/01 17:54:00,NPP-375,Brasil,MATO GROSSO,POCONE,Pantanal,3,0.3,0.9,-17.6982,-57.17285,12.9
2019/02/01 17:54:00,NPP-375,Brasil,MATO GROSSO,POCONE,Pantanal,3,0.3,0.9,-17.69733,-57.17622,12.6
2019/02/01 17:54:00,NPP-375,Brasil,MATO GROSSO,POCONE,Pantanal,3,0.2,0.9,-17.69674,-57.19083,7.6
2019/02/01 17:54:00,NPP-375,Brasil,MATO GROSSO,POCONE,Pantanal,3,0,0.9,-17.58489,-57.22337,3.6
2019/02/01 17:54:00,NPP-375,Brasil,MATO GROSSO,POCONE,Pantanal,3,0,1,-17.58343,-57.24126,4.5
2019/02/01 17:54:00,NPP-375,Brasil,MATO GROSSO,POCONE,Pantanal,3,0,1,-17.58002,-57.22438,36.4
2019/02/01 17:54:00,NPP-375,Brasil,MATO GROSSO,POCONE,Pantanal,3,0,1,-17.57847,-57.22712,45.7
2019/02/01 17:54:00,NPP-375,Brasil,MATO GROSSO,POCONE,Pantanal,3,0,1,-17.57515,-57.2254,36.4
2019/02/01 17:54:00,NPP-375,Brasil,MATO GROSSO,POCONE,Pantanal,3,0,1,-17.5736,-57.22815,20.5
2019/01/24 17:06:00,NPP-375,Brasil,MATO GROSSO,POCONE,Pantanal,0,1.1,0.7,-17.69578,-57.19141,6.4
2019/01/24 17:06:00,NPP-375,Brasil,MATO GROSSO,POCONE,Pantanal,0,1.1,0.7,-17.69643,-57.19642,16.7
2019/01/24 17:06:00,NPP-375,Brasil,MATO GROSSO,POCONE,Pantanal,0,1.1,0.7,-17.699,-57.18586,6.4
2019/01/24 17:06:00,NPP-375,Brasil,MATO GROSSO,POCONE,Pantanal,0,1.1,0.7,-17.69965,-57.19087,6.4
2019/01/24 17:06:00,NPP-375,Brasil,MATO GROSSO,POCONE,Pantanal,0,1.1,0.7,-17.70352,-57.19033,15.6
2019/01/24 17:06:00,NPP-375,Brasil,MATO GROSSO,POCONE,Pantanal,0,1.1,0.7,-17.70417,-57.19535,56.4
2019/01/24 17:06:00,NPP-375,Brasil,MATO GROSSO,POCONE,Pantanal,0,1.1,0.7,-17.70673,-57.18478,15.6
2019/01/24 17:06:00,NPP-375,Brasil,MATO GROSSO,POCONE,Pantanal,0,1.1,0.7,-17.70739,-57.1898,15.6
2019/01/24 17:06:00,NPP-375,Brasil,MATO GROSSO,POCONE,Pantanal,0,1.1,0.7,-17.70804,-57.19481,56.4
2019/01/24 17:06:00,NPP-375,Brasil,MATO GROSSO,POCONE,Pantanal,0,1.2,0.7,-17.7106,-57.18424,6.6
2019/01/24 17:06:00,NPP-375,Brasil,MATO GROSSO,POCONE,Pantanal,0,1.1,0.7,-17.71191,-57.19426,6.3
2019/01/24 17:06:00,NPP-375,Brasil,MATO GROSSO,POCONE,Pantanal,0,1.2,0.5,-17.71833,-57.18314,8.7
2019/01/24 17:06:00,NPP-375,Brasil,MATO GROSSO,POCONE,Pantanal,0,1.2,0.4,-17.72088,-57.17259,9.3
2019/01/24 17:06:00,NPP-375,Brasil,MATO GROSSO,POCONE,Pantanal,0,1.2,0.3,-17.72154,-57.17759,9.3
2019/02/03 17:18:00,NPP-375,Brasil,MATO GROSSO,POCONE,Pantanal,0,0,0.9,-17.7035,-57.17252,5.2
2019/02/03 17:18:00,NPP-375,Brasil,MATO GROSSO,POCONE,Pantanal,0,0,0.9,-17.70121,-57.18053,8.8
2019/02/03 17:18:00,NPP-375,Brasil,MATO GROSSO,POCONE,Pantanal,0,0,0.9,-17.70066,-57.1768,8.5
2019/02/03 17:18:00,NPP-375,Brasil,MATO GROSSO,POCONE,Pantanal,0,0,0.9,-17.60085,-57.23043,5.8
2019/02/03 17:18:00,NPP-375,Brasil,MATO GROSSO,POCONE,Pantanal,0,0,0.9,-17.59922,-57.21921,5
2019/02/03 17:18:00,NPP-375,Brasil,MATO GROSSO,POCONE,Pantanal,0,0,0.9,-17.59693,-57.22722,5.8
2019/02/03 17:18:00,NPP-375,Brasil,MATO GROSSO,POCONE,Pantanal,0,0.1,0.9,-17.5941,-57.23149,3.4
2019/02/03 17:18:00,NPP-375,Brasil,MATO GROSSO,POCONE,Pantanal,0,0,0.9,-17.59355,-57.22775,3.4
2019/02/03 17:18:00,NPP-375,Brasil,MATO GROSSO,POCONE,Pantanal,0,0,0.9,-17.59204,-57.19356,18
2019/02/03 17:18:00,NPP-375,Brasil,MATO GROSSO,POCONE,Pantanal,0,0.1,0.9,-17.58963,-57.22454,6.6
2019/02/03 17:18:00,NPP-375,Brasil,MATO GROSSO,POCONE,Pantanal,0,0,0.9,-17.5892,-57.19783,34
2019/02/03 17:18:00,NPP-375,Brasil,MATO GROSSO,POCONE,Pantanal,0,0,0.9,-17.58866,-57.19409,53
2019/02/03 17:18:00,NPP-375,Brasil,MATO GROSSO,POCONE,Pantanal,0,0,0.7,-17.58746,-57.20957,21.9
2019/02/03 17:18:00,NPP-375,Brasil,MATO GROSSO,POCONE,Pantanal,0,0,0.9,-17.58691,-57.20584,21.9
2019/02/03 17:18:00,NPP-375,Brasil,MATO GROSSO,POCONE,Pantanal,0,0,0.9,-17.58583,-57.19836,34
2019/02/03 17:18:00,NPP-375,Brasil,MATO GROSSO,POCONE,Pantanal,0,0.1,0.7,-17.58571,-57.22133,5.2
2019/02/03 17:18:00,NPP-375,Brasil,MATO GROSSO,POCONE,Pantanal,0,0.1,0.5,-17.58517,-57.21758,5.2
2019/02/03 17:18:00,NPP-375,Brasil,MATO GROSSO,POCONE,Pantanal,0,0.1,0.8,-17.58233,-57.22186,5.2
2019/02/03 17:18:00,NPP-375,Brasil,MATO GROSSO,POCONE,Pantanal,0,0.1,0.6,-17.58179,-57.21812,5.2
2019/02/03 17:18:00,NPP-375,Brasil,MATO GROSSO,POCONE,Pantanal,0,0.1,0.9,-17.57896,-57.22239,2
2019/02/03 17:18:00,NPP-375,Brasil,MATO GROSSO,POCONE,Pantanal,1,0.1,0.7,-17.50268,-57.32261,6.5
2019/02/03 17:18:00,NPP-375,Brasil,MATO GROSSO,POCONE,Pantanal,1,0.1,0.7,-17.49929,-57.32314,2.8
2019/01/22 17:42:00,NPP-375,Brasil,MATO GROSSO,POCONE,Pantanal,1,4.7,0.4,-17.7127,-57.18717,10.2
2019/01/22 17:42:00,NPP-375,Brasil,MATO GROSSO,POCONE,Pantanal,2,0.3,0.5,-16.10464,-57.10429,6.3
2019/02/03 17:18:00,NPP-375,Brasil,MATO GROSSO,POCONE,Pantanal,0,0,0.6,-17.71918,-57.18535,9
2019/02/03 17:18:00,NPP-375,Brasil,MATO GROSSO,POCONE,Pantanal,0,0,0.6,-17.71863,-57.18161,7.8
2019/02/03 17:18:00,NPP-375,Brasil,MATO GROSSO,POCONE,Pantanal,0,0,0.9,-17.70687,-57.17199,5.2
2019/02/03 17:18:00,NPP-375,Brasil,MATO GROSSO,POCONE,Pantanal,0,0.1,0.9,-17.56342,-57.18661,11.2
2019/02/03 17:18:00,NPP-375,Brasil,MATO GROSSO,POCONE,Pantanal,0,0.1,0.9,-17.56004,-57.18714,3.9
2019/02/03 17:18:00,NPP-375,Brasil,MATO GROSSO,POCONE,Pantanal,0,0.1,0.9,-17.55667,-57.18767,3.9
2019/01/26 18:06:00,NPP-375,Brasil,MATO GROSSO,POCONE,Pantanal,1,0.9,0.2,-17.72621,-57.19566,6.7
2019/01/26 18:06:00,NPP-375,Brasil,MATO GROSSO,POCONE,Pantanal,0,0.9,0.2,-17.72823,-57.1762,4.6
2019/01/26 18:06:00,NPP-375,Brasil,MATO GROSSO,POCONE,Pantanal,0,0.9,0.2,-17.73415,-57.17485,2.3
2019/02/04 17:00:00,NPP-375,Brasil,MATO GROSSO,POCONE,Pantanal,0,16.7,0,-17.69958,-57.18928,12.2
2019/02/07 17:42:00,NPP-375,Brasil,MATO GROSSO,POCONE,Pantanal,0,2,0.5,-17.69923,-57.1778,8.1
2019/02/07 17:42:00,NPP-375,Brasil,MATO GROSSO,POCONE,Pantanal,0,3.2,0.5,-17.58606,-57.24147,5.2
2019/02/07 17:42:00,NPP-375,Brasil,MATO GROSSO,POCONE,Pantanal,0,3.1,0.5,-17.58582,-57.24963,4.6
2019/02/07 17:42:00,NPP-375,Brasil,MATO GROSSO,POCONE,Pantanal,0,3.2,0.5,-17.58508,-57.23612,5.2
2019/02/07 17:42:00,NPP-375,Brasil,MATO GROSSO,POCONE,Pantanal,0,3.2,0.5,-17.58488,-57.24427,4.6
2019/02/07 17:42:00,NPP-375,Brasil,MATO GROSSO,POCONE,Pantanal,0,3.3,0.5,-17.58411,-57.23076,6.7
2019/02/07 17:42:00,NPP-375,Brasil,MATO GROSSO,POCONE,Pantanal,0,3.2,0.5,-17.58394,-57.2389,5
2019/02/07 17:42:00,NPP-375,Brasil,MATO GROSSO,POCONE,Pantanal,0,3.3,0.5,-17.58313,-57.2254,6.7
2019/02/07 17:42:00,NPP-375,Brasil,MATO GROSSO,POCONE,Pantanal,0,3.2,0.5,-17.58306,-57.24759,12.5
2019/02/07 17:42:00,NPP-375,Brasil,MATO GROSSO,POCONE,Pantanal,0,3.3,0.5,-17.583,-57.23352,5
2019/02/07 17:42:00,NPP-375,Brasil,MATO GROSSO,POCONE,Pantanal,0,3.2,0.5,-17.58208,-57.24224,5.2
2019/02/07 17:42:00,NPP-375,Brasil,MATO GROSSO,POCONE,Pantanal,0,3.3,0.5,-17.58207,-57.22815,5.2
2019/02/07 17:42:00,NPP-375,Brasil,MATO GROSSO,POCONE,Pantanal,0,3.2,0.5,-17.58185,-57.2504,4.6
2019/02/07 17:42:00,NPP-375,Brasil,MATO GROSSO,POCONE,Pantanal,0,3.4,0.5,-17.58112,-57.22277,5.2
2019/02/07 17:42:00,NPP-375,Brasil,MATO GROSSO,POCONE,Pantanal,0,3.3,0.5,-17.5811,-57.23688,5.2
2019/02/07 17:42:00,NPP-375,Brasil,MATO GROSSO,POCONE,Pantanal,0,3.2,0.5,-17.58091,-57.24504,4.6
2019/02/07 17:42:00,NPP-375,Brasil,MATO GROSSO,POCONE,Pantanal,0,3.3,0.5,-17.58013,-57.23152,6.7
2019/02/07 17:42:00,NPP-375,Brasil,MATO GROSSO,POCONE,Pantanal,0,3.3,0.5,-17.57996,-57.23966,5
2019/02/07 17:42:00,NPP-375,Brasil,MATO GROSSO,POCONE,Pantanal,0,3.2,0.5,-17.57908,-57.24836,7.4
2019/02/07 17:42:00,NPP-375,Brasil,MATO GROSSO,POCONE,Pantanal,0,3.3,0.5,-17.57902,-57.23429,5
2019/02/07 17:42:00,NPP-375,Brasil,MATO GROSSO,POCONE,Pantanal,0,3.4,0.5,-17.57808,-57.22892,5.2
2019/02/07 17:42:00,NPP-375,Brasil,MATO GROSSO,POCONE,Pantanal,0,3.4,0.5,-17.5741,-57.22968,5.7
2019/01/23 17:24:00,NPP-375,Brasil,MATO GROSSO,POCONE,Pantanal,1,4.4,0.4,-17.71007,-57.20672,5.9
2019/01/23 17:24:00,NPP-375,Brasil,MATO GROSSO,POCONE,Pantanal,1,4.6,0.4,-17.71061,-57.18798,3.8
2019/01/23 17:24:00,NPP-375,Brasil,MATO GROSSO,POCONE,Pantanal,1,4.6,0.4,-17.71117,-57.19161,3.8
2019/01/31 16:36:00,NPP-375,Brasil,MATO GROSSO,POCONE,Pantanal,0,3.2,0,-16.26981,-56.25948,4.2
2019/01/31 16:36:00,NPP-375,Brasil,MATO GROSSO,POCONE,Pantanal,0,3.2,0,-16.27028,-56.264,4.2
2019/01/31 16:30:00,NPP-375,Brasil,MATO GROSSO,POCONE,Pantanal,2,0.6,0.6,-17.70539,-57.17493,9
2019/01/17 05:06:00,NPP-375,Brasil,MATO GROSSO,POCONE,Pantanal,2,0.1,0.9,-17.71679,-57.18975,1.3
2019/01/17 05:06:00,NPP-375,Brasil,MATO GROSSO,POCONE,Pantanal,2,0.1,0.7,-17.72016,-57.1903,1.3
2019/01/17 05:06:00,NPP-375,Brasil,MATO GROSSO,POCONE,Pantanal,2,0.1,0.5,-17.7241,-57.18712,2.1
2019/01/17 05:06:00,NPP-375,Brasil,MATO GROSSO,POCONE,Pantanal,2,0.1,0.4,-17.72804,-57.18393,2.1
2019/01/17 05:06:00,NPP-375,Brasil,MATO GROSSO,POCONE,Pantanal,2,0.1,0.4,-17.72861,-57.18019,2.1
2019/02/03 04:48:00,NPP-375,Brasil,MATO GROSSO,POCONE,Pantanal,0,0,0.9,-17.58595,-57.20036,0.7
2019/02/03 04:48:00,NPP-375,Brasil,MATO GROSSO,POCONE,Pantanal,0,0,0.9,-17.58229,-57.19965,1.7
2019/02/03 04:48:00,NPP-375,Brasil,MATO GROSSO,POCONE,Pantanal,0,0,0.9,-17.58151,-57.20411,0.8
2019/01/24 17:06:00,NPP-375,Brasil,MATO GROSSO,POCONE,Pantanal,0,1.1,0.7,-17.69513,-57.1864,6.4
2019/02/08 17:24:00,NPP-375,Brasil,MATO GROSSO,POCONE,Pantanal,1,0.2,0.8,-17.58033,-57.22659,7.1
2019/02/08 17:24:00,NPP-375,Brasil,MATO GROSSO,POCONE,Pantanal,1,0.2,0.8,-17.57978,-57.22296,10.4
2019/02/08 17:24:00,NPP-375,Brasil,MATO GROSSO,POCONE,Pantanal,1,0.2,0.9,-17.57756,-57.23078,4.6
2019/02/08 17:24:00,NPP-375,Brasil,MATO GROSSO,POCONE,Pantanal,1,0.2,0.8,-17.577,-57.22715,4.6
2019/02/08 17:24:00,NPP-375,Brasil,MATO GROSSO,POCONE,Pantanal,0,0,0.8,-17.70253,-57.18352,6
2019/02/08 17:24:00,NPP-375,Brasil,MATO GROSSO,POCONE,Pantanal,0,0,0.8,-17.70198,-57.17988,5.3
2019/02/08 17:24:00,NPP-375,Brasil,MATO GROSSO,POCONE,Pantanal,0,0,0.8,-17.69976,-57.18771,8.2
2019/02/08 17:24:00,NPP-375,Brasil,MATO GROSSO,POCONE,Pantanal,1,0.2,0.9,-17.58312,-57.24477,4.1
2019/02/08 17:24:00,NPP-375,Brasil,MATO GROSSO,POCONE,Pantanal,1,0.2,0.9,-17.58256,-57.24113,4.1
2019/04/18 17:30:00,NPP-375,Brasil,MATO GROSSO,POCONE,Pantanal,0,0.8,0.1,-17.59372,-57.42094,0.2
2019/04/20 16:54:00,NPP-375,Brasil,MATO GROSSO,POCONE,Pantanal,3,0,0.4,-17.06085,-57.14014,6.3
2019/04/20 16:54:00,NPP-375,Brasil,MATO GROSSO,POCONE,Pantanal,3,0,0.4,-17.06169,-57.13761,4.8
2019/04/26 18:18:00,NPP-375,Brasil,MATO GROSSO,POCONE,Pantanal,3,0.3,0.1,-17.26231,-57.01147,0.3
2019/04/30 17:06:00,NPP-375,Brasil,MATO GROSSO,POCONE,Pantanal,0,0.5,0.6,-17.19389,-57.27088,1.8
2019/05/25 17:36:00,NPP-375,Brasil,MATO GROSSO,POCONE,Pantanal,13,0.2,1,-16.37081,-56.82247,3.9
2019/06/01 04:30:00,NPP-375,Brasil,MATO GROSSO,POCONE,Pantanal,3,0,1,-16.26913,-56.86493,0.9
2019/06/12 17:00:00,NPP-375,Brasil,MATO GROSSO,POCONE,Pantanal,14,0,1,-16.24622,-56.63087,2.4
2019/06/12 17:00:00,NPP-375,Brasil,MATO GROSSO,POCONE,Pantanal,14,0,1,-16.64678,-56.70134,3.8
2019/06/12 17:00:00,NPP-375,Brasil,MATO GROSSO,POCONE,Pantanal,14,0,1,-16.64991,-56.69326,3.8
2019/06/12 17:00:00,NPP-375,Brasil,MATO GROSSO,POCONE,Pantanal,14,0,1,-16.65088,-56.70078,3.8
2019/06/13 04:06:00,NPP-375,Brasil,MATO GROSSO,POCONE,Pantanal,15,0,1,-16.58372,-56.76286,2.1
2019/06/13 04:06:00,NPP-375,Brasil,MATO GROSSO,POCONE,Pantanal,15,0,1,-16.58685,-56.77236,5.1
2019/06/13 04:06:00,NPP-375,Brasil,MATO GROSSO,POCONE,Pantanal,15,0,1,-16.58813,-56.76667,5.1
2019/06/13 04:06:00,NPP-375,Brasil,MATO GROSSO,POCONE,Pantanal,15,0,1,-16.58892,-56.77016,6.2
2019/06/13 05:48:00,NPP-375,Brasil,MATO GROSSO,POCONE,Pantanal,15,0,1,-16.59104,-56.76728,2.9
2019/06/13 05:48:00,NPP-375,Brasil,MATO GROSSO,POCONE,Pantanal,15,0,1,-16.59159,-56.76168,2.9
2019/06/13 04:06:00,NPP-375,Brasil,MATO GROSSO,POCONE,Pantanal,15,0,1,-16.59017,-56.76447,3.5
2019/06/14 18:00:00,NPP-375,Brasil,MATO GROSSO,POCONE,Pantanal,17,0,1,-16.68432,-56.85185,4.4
2019/06/16 04:54:00,NPP-375,Brasil,MATO GROSSO,POCONE,Pantanal,18,0,1,-16.2533,-56.8762,1.1
2019/06/22 17:12:00,NPP-375,Brasil,MATO GROSSO,POCONE,Pantanal,29,0,0.8,-17.59783,-57.03695,0.1
2019/06/25 17:54:00,NPP-375,Brasil,MATO GROSSO,POCONE,Pantanal,28,0,1,-16.22561,-56.65591,1.5
2019/06/15 17:42:00,NPP-375,Brasil,MATO GROSSO,POCONE,Pantanal,22,0,1,-16.89399,-56.91228,4.1
2019/01/02 17:18:00,NPP-375,Brasil,MATO GROSSO,POCONE,Pantanal,0,0,0.8,-17.71154,-57.20269,4.7
2019/01/02 17:18:00,NPP-375,Brasil,MATO GROSSO,POCONE,Pantanal,0,0,0.8,-17.71208,-57.20643,6
2019/06/13 05:48:00,NPP-375,Brasil,MATO GROSSO,POCONE,Pantanal,15,0,1,-16.58454,-56.76654,2.9
2019/01/06 17:42:00,NPP-375,Brasil,MATO GROSSO,POCONE,Pantanal,2,9.8,0.1,-16.10702,-57.10276,2.9
2019/01/17 17:36:00,NPP-375,Brasil,MATO GROSSO,POCONE,Pantanal,2,0,1,-17.71261,-57.18452,26.3
2019/01/17 17:36:00,NPP-375,Brasil,MATO GROSSO,POCONE,Pantanal,2,0.1,1,-17.70913,-57.20809,8.4
2019/06/13 04:06:00,NPP-375,Brasil,MATO GROSSO,POCONE,Pantanal,15,0,1,-16.58039,-56.7708,1.4
2019/06/13 04:06:00,NPP-375,Brasil,MATO GROSSO,POCONE,Pantanal,15,0,1,-16.58167,-56.76511,1.4
2019/06/13 04:06:00,NPP-375,Brasil,MATO GROSSO,POCONE,Pantanal,15,0,1,-16.58246,-56.76857,5.3
2019/02/08 17:24:00,NPP-375,Brasil,MATO GROSSO,POCONE,Pantanal,1,0.2,0.9,-17.582,-57.2375,3.4
2019/01/21 05:30:00,NPP-375,Brasil,MATO GROSSO,POCONE,Pantanal,1,1.6,0.4,-17.72108,-57.1893,1.9
2019/01/21 05:30:00,NPP-375,Brasil,MATO GROSSO,POCONE,Pantanal,1,1.6,0.3,-17.72172,-57.18404,1.9
2019/01/21 05:30:00,NPP-375,Brasil,MATO GROSSO,POCONE,Pantanal,1,1.5,0.2,-17.72931,-57.20105,2.1
2019/01/31 16:30:00,NPP-375,Brasil,MATO GROSSO,POCONE,Pantanal,2,0.6,-999,-17.70489,-57.16948,9
